{"results":[{"columns":[{"name":"ID","type":"NUMBER"},{"name":"SKU","type":"VARCHAR2"},{"name":"QUANTITYSOLD","type":"NUMBER"},{"name":"REVENUE","type":"NUMBER"}],"items":
[
{"id":1,"sku":"SKU0","quantitysold":802,"revenue":8662}
,{"id":2,"sku":"SKU1","quantitysold":736,"revenue":7460.9}
,{"id":3,"sku":"SKU2","quantitysold":8,"revenue":9577.75}
,{"id":4,"sku":"SKU3","quantitysold":83,"revenue":7766.84}
,{"id":5,"sku":"SKU4","quantitysold":871,"revenue":2686.51}
,{"id":6,"sku":"SKU5","quantitysold":147,"revenue":2828.35}
,{"id":7,"sku":"SKU6","quantitysold":65,"revenue":7823.48}
,{"id":8,"sku":"SKU7","quantitysold":426,"revenue":8496.1}
,{"id":9,"sku":"SKU8","quantitysold":150,"revenue":7517.36}
,{"id":10,"sku":"SKU9","quantitysold":980,"revenue":4971.15}
,{"id":11,"sku":"SKU10","quantitysold":996,"revenue":2330.97}
,{"id":12,"sku":"SKU11","quantitysold":960,"revenue":6099.94}
,{"id":13,"sku":"SKU12","quantitysold":336,"revenue":2873.74}
,{"id":14,"sku":"SKU13","quantitysold":249,"revenue":4052.74}
,{"id":15,"sku":"SKU14","quantitysold":562,"revenue":8653.57}
,{"id":16,"sku":"SKU15","quantitysold":469,"revenue":5442.09}
,{"id":17,"sku":"SKU16","quantitysold":280,"revenue":6453.8}
,{"id":18,"sku":"SKU17","quantitysold":126,"revenue":2629.4}
,{"id":19,"sku":"SKU18","quantitysold":620,"revenue":9364.67}
,{"id":20,"sku":"SKU19","quantitysold":187,"revenue":2553.5}
,{"id":21,"sku":"SKU20","quantitysold":320,"revenue":8128.03}
,{"id":22,"sku":"SKU21","quantitysold":601,"revenue":7087.05}
,{"id":23,"sku":"SKU22","quantitysold":884,"revenue":2390.81}
,{"id":24,"sku":"SKU23","quantitysold":391,"revenue":8858.37}
,{"id":25,"sku":"SKU24","quantitysold":209,"revenue":9049.08}
,{"id":26,"sku":"SKU25","quantitysold":142,"revenue":2174.78}
,{"id":27,"sku":"SKU26","quantitysold":353,"revenue":3716.49}
,{"id":28,"sku":"SKU27","quantitysold":352,"revenue":2686.46}
,{"id":29,"sku":"SKU28","quantitysold":394,"revenue":6117.32}
,{"id":30,"sku":"SKU29","quantitysold":253,"revenue":8318.9}
,{"id":31,"sku":"SKU30","quantitysold":327,"revenue":2766.34}
,{"id":32,"sku":"SKU31","quantitysold":168,"revenue":9655.14}
,{"id":33,"sku":"SKU32","quantitysold":781,"revenue":9571.55}
,{"id":34,"sku":"SKU33","quantitysold":616,"revenue":5150}
,{"id":35,"sku":"SKU34","quantitysold":602,"revenue":9061.71}
,{"id":36,"sku":"SKU35","quantitysold":449,"revenue":6541.33}
,{"id":37,"sku":"SKU36","quantitysold":963,"revenue":7573.4}
,{"id":38,"sku":"SKU37","quantitysold":963,"revenue":2438.34}
,{"id":39,"sku":"SKU38","quantitysold":705,"revenue":9692.32}
,{"id":40,"sku":"SKU39","quantitysold":176,"revenue":1912.47}
,{"id":41,"sku":"SKU40","quantitysold":933,"revenue":5724.96}
,{"id":42,"sku":"SKU41","quantitysold":556,"revenue":5521.21}
,{"id":43,"sku":"SKU42","quantitysold":155,"revenue":1839.61}
,{"id":44,"sku":"SKU43","quantitysold":598,"revenue":5737.43}
,{"id":45,"sku":"SKU44","quantitysold":919,"revenue":7152.29}
,{"id":46,"sku":"SKU45","quantitysold":24,"revenue":5267.96}
,{"id":47,"sku":"SKU46","quantitysold":859,"revenue":2556.77}
,{"id":48,"sku":"SKU47","quantitysold":910,"revenue":7089.47}
,{"id":49,"sku":"SKU48","quantitysold":29,"revenue":7397.07}
,{"id":50,"sku":"SKU49","quantitysold":99,"revenue":8001.61}
,{"id":51,"sku":"SKU50","quantitysold":633,"revenue":5910.89}
,{"id":52,"sku":"SKU51","quantitysold":154,"revenue":9866.47}
,{"id":53,"sku":"SKU52","quantitysold":820,"revenue":9435.76}
,{"id":54,"sku":"SKU53","quantitysold":242,"revenue":8232.33}
,{"id":55,"sku":"SKU54","quantitysold":622,"revenue":6088.02}
,{"id":56,"sku":"SKU55","quantitysold":701,"revenue":2925.68}
,{"id":57,"sku":"SKU56","quantitysold":93,"revenue":4767.02}
,{"id":58,"sku":"SKU57","quantitysold":227,"revenue":1605.87}
,{"id":59,"sku":"SKU58","quantitysold":896,"revenue":2021.15}
,{"id":60,"sku":"SKU59","quantitysold":484,"revenue":1061.62}
,{"id":61,"sku":"SKU60","quantitysold":380,"revenue":8864.08}
,{"id":62,"sku":"SKU61","quantitysold":117,"revenue":6885.59}
,{"id":63,"sku":"SKU62","quantitysold":270,"revenue":3899.75}
,{"id":64,"sku":"SKU63","quantitysold":246,"revenue":4256.95}
,{"id":65,"sku":"SKU64","quantitysold":134,"revenue":8458.73}
,{"id":66,"sku":"SKU65","quantitysold":457,"revenue":8354.58}
,{"id":67,"sku":"SKU66","quantitysold":704,"revenue":8367.72}
,{"id":68,"sku":"SKU67","quantitysold":513,"revenue":9473.8}
,{"id":69,"sku":"SKU68","quantitysold":163,"revenue":3550.22}
,{"id":70,"sku":"SKU69","quantitysold":511,"revenue":1752.38}
,{"id":71,"sku":"SKU70","quantitysold":32,"revenue":7014.89}
,{"id":72,"sku":"SKU71","quantitysold":637,"revenue":8180.34}
,{"id":73,"sku":"SKU72","quantitysold":478,"revenue":2633.12}
,{"id":74,"sku":"SKU73","quantitysold":375,"revenue":7910.89}
,{"id":75,"sku":"SKU74","quantitysold":904,"revenue":5709.95}
,{"id":76,"sku":"SKU75","quantitysold":106,"revenue":1889.07}
,{"id":77,"sku":"SKU76","quantitysold":241,"revenue":5328.38}
,{"id":78,"sku":"SKU77","quantitysold":359,"revenue":2483.76}
,{"id":79,"sku":"SKU78","quantitysold":946,"revenue":1292.46}
,{"id":80,"sku":"SKU79","quantitysold":198,"revenue":7888.72}
,{"id":81,"sku":"SKU80","quantitysold":872,"revenue":8651.67}
,{"id":82,"sku":"SKU81","quantitysold":774,"revenue":4384.41}
,{"id":83,"sku":"SKU82","quantitysold":336,"revenue":2943.38}
,{"id":84,"sku":"SKU83","quantitysold":663,"revenue":2411.75}
,{"id":85,"sku":"SKU84","quantitysold":618,"revenue":2048.29}
,{"id":86,"sku":"SKU85","quantitysold":25,"revenue":8684.61}
,{"id":87,"sku":"SKU86","quantitysold":223,"revenue":1229.59}
,{"id":88,"sku":"SKU87","quantitysold":79,"revenue":5133.85}
,{"id":89,"sku":"SKU88","quantitysold":737,"revenue":9444.74}
,{"id":90,"sku":"SKU89","quantitysold":134,"revenue":5924.68}
,{"id":91,"sku":"SKU90","quantitysold":320,"revenue":9592.63}
,{"id":92,"sku":"SKU91","quantitysold":916,"revenue":1935.21}
,{"id":93,"sku":"SKU92","quantitysold":276,"revenue":2100.13}
,{"id":94,"sku":"SKU93","quantitysold":114,"revenue":4531.4}
,{"id":95,"sku":"SKU94","quantitysold":987,"revenue":7888.36}
,{"id":96,"sku":"SKU95","quantitysold":672,"revenue":7386.36}
,{"id":97,"sku":"SKU96","quantitysold":324,"revenue":7698.42}
,{"id":98,"sku":"SKU97","quantitysold":62,"revenue":4370.92}
,{"id":99,"sku":"SKU98","quantitysold":913,"revenue":8525.95}
,{"id":100,"sku":"SKU99","quantitysold":627,"revenue":9185.19}
]}]}