{"results":[{"columns":[{"name":"ID","type":"NUMBER"},{"name":"SKU","type":"VARCHAR2"},{"name":"SUPPLIERNAME","type":"VARCHAR2"},{"name":"LOCATION","type":"VARCHAR2"},{"name":"ORDERQUANTITIES","type":"NUMBER"},{"name":"STOCKMAINTAINED","type":"NUMBER"},{"name":"PRODUCTIONVOLUMES","type":"NUMBER"},{"name":"MANUFACTURINGLEADTIME","type":"NUMBER"},{"name":"MANUFACTURINGCOSTS","type":"NUMBER"},{"name":"INSPECTIONRESULTS","type":"VARCHAR2"},{"name":"DEFECTRATES","type":"NUMBER"}],"items":
[
{"id":1,"sku":"SKU0","suppliername":"Supplier 3","location":"Mumbai","orderquantities":96,"stockmaintained":58,"productionvolumes":215,"manufacturingleadtime":29,"manufacturingcosts":46.28,"inspectionresults":"Pending","defectrates":0.23}
,{"id":2,"sku":"SKU1","suppliername":"Supplier 3","location":"Mumbai","orderquantities":37,"stockmaintained":53,"productionvolumes":517,"manufacturingleadtime":30,"manufacturingcosts":33.62,"inspectionresults":"Pending","defectrates":4.85}
,{"id":3,"sku":"SKU2","suppliername":"Supplier 1","location":"Mumbai","orderquantities":88,"stockmaintained":1,"productionvolumes":971,"manufacturingleadtime":27,"manufacturingcosts":30.69,"inspectionresults":"Pending","defectrates":4.58}
,{"id":4,"sku":"SKU3","suppliername":"Supplier 5","location":"Kolkata","orderquantities":59,"stockmaintained":23,"productionvolumes":937,"manufacturingleadtime":18,"manufacturingcosts":35.62,"inspectionresults":"Fail","defectrates":4.75}
,{"id":5,"sku":"SKU4","suppliername":"Supplier 1","location":"Delhi","orderquantities":56,"stockmaintained":5,"productionvolumes":414,"manufacturingleadtime":3,"manufacturingcosts":92.07,"inspectionresults":"Fail","defectrates":3.15}
,{"id":6,"sku":"SKU5","suppliername":"Supplier 4","location":"Bangalore","orderquantities":66,"stockmaintained":90,"productionvolumes":104,"manufacturingleadtime":17,"manufacturingcosts":56.77,"inspectionresults":"Fail","defectrates":2.78}
,{"id":7,"sku":"SKU6","suppliername":"Supplier 3","location":"Kolkata","orderquantities":58,"stockmaintained":11,"productionvolumes":314,"manufacturingleadtime":24,"manufacturingcosts":1.09,"inspectionresults":"Pending","defectrates":1}
,{"id":8,"sku":"SKU7","suppliername":"Supplier 4","location":"Bangalore","orderquantities":11,"stockmaintained":93,"productionvolumes":564,"manufacturingleadtime":1,"manufacturingcosts":99.47,"inspectionresults":"Fail","defectrates":0.4}
,{"id":9,"sku":"SKU8","suppliername":"Supplier 4","location":"Mumbai","orderquantities":15,"stockmaintained":5,"productionvolumes":769,"manufacturingleadtime":8,"manufacturingcosts":11.42,"inspectionresults":"Pending","defectrates":2.71}
,{"id":10,"sku":"SKU9","suppliername":"Supplier 2","location":"Chennai","orderquantities":83,"stockmaintained":14,"productionvolumes":963,"manufacturingleadtime":23,"manufacturingcosts":47.96,"inspectionresults":"Pending","defectrates":3.84}
,{"id":11,"sku":"SKU10","suppliername":"Supplier 5","location":"Kolkata","orderquantities":80,"stockmaintained":51,"productionvolumes":830,"manufacturingleadtime":5,"manufacturingcosts":96.53,"inspectionresults":"Pass","defectrates":1.73}
,{"id":12,"sku":"SKU11","suppliername":"Supplier 2","location":"Kolkata","orderquantities":60,"stockmaintained":46,"productionvolumes":362,"manufacturingleadtime":11,"manufacturingcosts":27.59,"inspectionresults":"Pending","defectrates":0.02}
,{"id":13,"sku":"SKU12","suppliername":"Supplier 4","location":"Kolkata","orderquantities":85,"stockmaintained":100,"productionvolumes":563,"manufacturingleadtime":3,"manufacturingcosts":32.32,"inspectionresults":"Fail","defectrates":2.16}
,{"id":14,"sku":"SKU13","suppliername":"Supplier 5","location":"Bangalore","orderquantities":48,"stockmaintained":80,"productionvolumes":173,"manufacturingleadtime":10,"manufacturingcosts":97.83,"inspectionresults":"Pending","defectrates":1.63}
,{"id":15,"sku":"SKU14","suppliername":"Supplier 1","location":"Kolkata","orderquantities":78,"stockmaintained":54,"productionvolumes":558,"manufacturingleadtime":14,"manufacturingcosts":5.79,"inspectionresults":"Pending","defectrates":0.1}
,{"id":16,"sku":"SKU15","suppliername":"Supplier 1","location":"Bangalore","orderquantities":69,"stockmaintained":9,"productionvolumes":580,"manufacturingleadtime":7,"manufacturingcosts":97.12,"inspectionresults":"Pass","defectrates":2.26}
,{"id":17,"sku":"SKU16","suppliername":"Supplier 1","location":"Bangalore","orderquantities":78,"stockmaintained":2,"productionvolumes":399,"manufacturingleadtime":21,"manufacturingcosts":77.11,"inspectionresults":"Pass","defectrates":1.01}
,{"id":18,"sku":"SKU17","suppliername":"Supplier 1","location":"Chennai","orderquantities":85,"stockmaintained":45,"productionvolumes":453,"manufacturingleadtime":16,"manufacturingcosts":47.68,"inspectionresults":"Fail","defectrates":0.1}
,{"id":19,"sku":"SKU18","suppliername":"Supplier 2","location":"Kolkata","orderquantities":46,"stockmaintained":10,"productionvolumes":374,"manufacturingleadtime":17,"manufacturingcosts":27.11,"inspectionresults":"Pending","defectrates":2.23}
,{"id":20,"sku":"SKU19","suppliername":"Supplier 4","location":"Chennai","orderquantities":94,"stockmaintained":48,"productionvolumes":694,"manufacturingleadtime":16,"manufacturingcosts":82.37,"inspectionresults":"Fail","defectrates":3.65}
,{"id":21,"sku":"SKU20","suppliername":"Supplier 1","location":"Chennai","orderquantities":68,"stockmaintained":27,"productionvolumes":309,"manufacturingleadtime":6,"manufacturingcosts":65.69,"inspectionresults":"Pass","defectrates":4.23}
,{"id":22,"sku":"SKU21","suppliername":"Supplier 5","location":"Chennai","orderquantities":7,"stockmaintained":69,"productionvolumes":791,"manufacturingleadtime":4,"manufacturingcosts":61.74,"inspectionresults":"Pending","defectrates":0.02}
,{"id":23,"sku":"SKU22","suppliername":"Supplier 4","location":"Kolkata","orderquantities":63,"stockmaintained":71,"productionvolumes":780,"manufacturingleadtime":28,"manufacturingcosts":50.12,"inspectionresults":"Fail","defectrates":2.59}
,{"id":24,"sku":"SKU23","suppliername":"Supplier 5","location":"Kolkata","orderquantities":29,"stockmaintained":84,"productionvolumes":568,"manufacturingleadtime":29,"manufacturingcosts":98.61,"inspectionresults":"Pending","defectrates":1.34}
,{"id":25,"sku":"SKU24","suppliername":"Supplier 2","location":"Bangalore","orderquantities":2,"stockmaintained":4,"productionvolumes":447,"manufacturingleadtime":3,"manufacturingcosts":40.38,"inspectionresults":"Pending","defectrates":3.69}
,{"id":26,"sku":"SKU25","suppliername":"Supplier 4","location":"Kolkata","orderquantities":52,"stockmaintained":82,"productionvolumes":934,"manufacturingleadtime":23,"manufacturingcosts":78.28,"inspectionresults":"Pending","defectrates":3.8}
,{"id":27,"sku":"SKU26","suppliername":"Supplier 2","location":"Bangalore","orderquantities":48,"stockmaintained":59,"productionvolumes":171,"manufacturingleadtime":4,"manufacturingcosts":15.97,"inspectionresults":"Pass","defectrates":2.12}
,{"id":28,"sku":"SKU27","suppliername":"Supplier 5","location":"Mumbai","orderquantities":62,"stockmaintained":47,"productionvolumes":291,"manufacturingleadtime":4,"manufacturingcosts":10.53,"inspectionresults":"Fail","defectrates":2.86}
,{"id":29,"sku":"SKU28","suppliername":"Supplier 1","location":"Mumbai","orderquantities":24,"stockmaintained":48,"productionvolumes":171,"manufacturingleadtime":7,"manufacturingcosts":59.43,"inspectionresults":"Fail","defectrates":0.82}
,{"id":30,"sku":"SKU29","suppliername":"Supplier 1","location":"Kolkata","orderquantities":67,"stockmaintained":45,"productionvolumes":329,"manufacturingleadtime":7,"manufacturingcosts":39.29,"inspectionresults":"Pass","defectrates":3.88}
,{"id":31,"sku":"SKU30","suppliername":"Supplier 4","location":"Kolkata","orderquantities":35,"stockmaintained":60,"productionvolumes":806,"manufacturingleadtime":30,"manufacturingcosts":51.63,"inspectionresults":"Pending","defectrates":0.97}
,{"id":32,"sku":"SKU31","suppliername":"Supplier 3","location":"Chennai","orderquantities":44,"stockmaintained":6,"productionvolumes":461,"manufacturingleadtime":8,"manufacturingcosts":60.25,"inspectionresults":"Pending","defectrates":2.99}
,{"id":33,"sku":"SKU32","suppliername":"Supplier 3","location":"Kolkata","orderquantities":64,"stockmaintained":89,"productionvolumes":737,"manufacturingleadtime":7,"manufacturingcosts":29.69,"inspectionresults":"Pass","defectrates":1.95}
,{"id":34,"sku":"SKU33","suppliername":"Supplier 5","location":"Chennai","orderquantities":95,"stockmaintained":4,"productionvolumes":251,"manufacturingleadtime":23,"manufacturingcosts":23.85,"inspectionresults":"Fail","defectrates":3.54}
,{"id":35,"sku":"SKU34","suppliername":"Supplier 1","location":"Chennai","orderquantities":21,"stockmaintained":1,"productionvolumes":452,"manufacturingleadtime":10,"manufacturingcosts":10.75,"inspectionresults":"Pass","defectrates":0.65}
,{"id":36,"sku":"SKU35","suppliername":"Supplier 1","location":"Delhi","orderquantities":85,"stockmaintained":42,"productionvolumes":367,"manufacturingleadtime":2,"manufacturingcosts":58,"inspectionresults":"Pass","defectrates":0.54}
,{"id":37,"sku":"SKU36","suppliername":"Supplier 2","location":"Delhi","orderquantities":28,"stockmaintained":18,"productionvolumes":671,"manufacturingleadtime":19,"manufacturingcosts":45.53,"inspectionresults":"Fail","defectrates":3.81}
,{"id":38,"sku":"SKU37","suppliername":"Supplier 3","location":"Kolkata","orderquantities":21,"stockmaintained":25,"productionvolumes":867,"manufacturingleadtime":15,"manufacturingcosts":34.34,"inspectionresults":"Pending","defectrates":2.61}
,{"id":39,"sku":"SKU38","suppliername":"Supplier 5","location":"Mumbai","orderquantities":88,"stockmaintained":69,"productionvolumes":841,"manufacturingleadtime":12,"manufacturingcosts":5.93,"inspectionresults":"Pending","defectrates":0.61}
,{"id":40,"sku":"SKU39","suppliername":"Supplier 2","location":"Kolkata","orderquantities":34,"stockmaintained":78,"productionvolumes":791,"manufacturingleadtime":6,"manufacturingcosts":9.01,"inspectionresults":"Fail","defectrates":1.45}
,{"id":41,"sku":"SKU40","suppliername":"Supplier 1","location":"Kolkata","orderquantities":39,"stockmaintained":90,"productionvolumes":793,"manufacturingleadtime":1,"manufacturingcosts":88.18,"inspectionresults":"Pending","defectrates":4.21}
,{"id":42,"sku":"SKU41","suppliername":"Supplier 4","location":"Chennai","orderquantities":38,"stockmaintained":64,"productionvolumes":892,"manufacturingleadtime":7,"manufacturingcosts":95.33,"inspectionresults":"Fail","defectrates":0.05}
,{"id":43,"sku":"SKU42","suppliername":"Supplier 5","location":"Bangalore","orderquantities":57,"stockmaintained":22,"productionvolumes":179,"manufacturingleadtime":7,"manufacturingcosts":96.42,"inspectionresults":"Fail","defectrates":4.94}
,{"id":44,"sku":"SKU43","suppliername":"Supplier 5","location":"Mumbai","orderquantities":85,"stockmaintained":36,"productionvolumes":206,"manufacturingleadtime":23,"manufacturingcosts":26.28,"inspectionresults":"Pending","defectrates":0.37}
,{"id":45,"sku":"SKU44","suppliername":"Supplier 2","location":"Delhi","orderquantities":72,"stockmaintained":13,"productionvolumes":834,"manufacturingleadtime":18,"manufacturingcosts":22.55,"inspectionresults":"Fail","defectrates":2.96}
,{"id":46,"sku":"SKU45","suppliername":"Supplier 2","location":"Chennai","orderquantities":52,"stockmaintained":93,"productionvolumes":794,"manufacturingleadtime":25,"manufacturingcosts":66.31,"inspectionresults":"Pass","defectrates":3.22}
,{"id":47,"sku":"SKU46","suppliername":"Supplier 3","location":"Chennai","orderquantities":6,"stockmaintained":92,"productionvolumes":870,"manufacturingleadtime":23,"manufacturingcosts":77.32,"inspectionresults":"Pending","defectrates":3.65}
,{"id":48,"sku":"SKU47","suppliername":"Supplier 1","location":"Kolkata","orderquantities":51,"stockmaintained":4,"productionvolumes":964,"manufacturingleadtime":20,"manufacturingcosts":19.71,"inspectionresults":"Pending","defectrates":0.38}
,{"id":49,"sku":"SKU48","suppliername":"Supplier 2","location":"Mumbai","orderquantities":9,"stockmaintained":30,"productionvolumes":109,"manufacturingleadtime":18,"manufacturingcosts":23.13,"inspectionresults":"Fail","defectrates":1.7}
,{"id":50,"sku":"SKU49","suppliername":"Supplier 5","location":"Delhi","orderquantities":9,"stockmaintained":97,"productionvolumes":177,"manufacturingleadtime":28,"manufacturingcosts":14.15,"inspectionresults":"Pass","defectrates":2.83}
,{"id":51,"sku":"SKU50","suppliername":"Supplier 2","location":"Delhi","orderquantities":82,"stockmaintained":31,"productionvolumes":306,"manufacturingleadtime":21,"manufacturingcosts":45.18,"inspectionresults":"Fail","defectrates":4.75}
,{"id":52,"sku":"SKU51","suppliername":"Supplier 5","location":"Bangalore","orderquantities":52,"stockmaintained":100,"productionvolumes":673,"manufacturingleadtime":28,"manufacturingcosts":14.19,"inspectionresults":"Pending","defectrates":1.77}
,{"id":53,"sku":"SKU52","suppliername":"Supplier 1","location":"Mumbai","orderquantities":11,"stockmaintained":64,"productionvolumes":727,"manufacturingleadtime":27,"manufacturingcosts":9.17,"inspectionresults":"Pending","defectrates":2.12}
,{"id":54,"sku":"SKU53","suppliername":"Supplier 1","location":"Delhi","orderquantities":54,"stockmaintained":96,"productionvolumes":631,"manufacturingleadtime":17,"manufacturingcosts":83.34,"inspectionresults":"Pending","defectrates":1.41}
,{"id":55,"sku":"SKU54","suppliername":"Supplier 1","location":"Kolkata","orderquantities":61,"stockmaintained":33,"productionvolumes":497,"manufacturingleadtime":29,"manufacturingcosts":30.19,"inspectionresults":"Pass","defectrates":2.48}
,{"id":56,"sku":"SKU55","suppliername":"Supplier 2","location":"Delhi","orderquantities":11,"stockmaintained":25,"productionvolumes":918,"manufacturingleadtime":5,"manufacturingcosts":30.32,"inspectionresults":"Fail","defectrates":4.55}
,{"id":57,"sku":"SKU56","suppliername":"Supplier 1","location":"Mumbai","orderquantities":83,"stockmaintained":25,"productionvolumes":826,"manufacturingleadtime":28,"manufacturingcosts":12.84,"inspectionresults":"Pass","defectrates":1.17}
,{"id":58,"sku":"SKU57","suppliername":"Supplier 2","location":"Delhi","orderquantities":51,"stockmaintained":5,"productionvolumes":588,"manufacturingleadtime":25,"manufacturingcosts":67.78,"inspectionresults":"Pending","defectrates":2.51}
,{"id":59,"sku":"SKU58","suppliername":"Supplier 3","location":"Delhi","orderquantities":44,"stockmaintained":10,"productionvolumes":396,"manufacturingleadtime":7,"manufacturingcosts":65.05,"inspectionresults":"Fail","defectrates":1.73}
,{"id":60,"sku":"SKU59","suppliername":"Supplier 1","location":"Kolkata","orderquantities":26,"stockmaintained":100,"productionvolumes":176,"manufacturingleadtime":4,"manufacturingcosts":1.9,"inspectionresults":"Fail","defectrates":0.45}
,{"id":61,"sku":"SKU60","suppliername":"Supplier 4","location":"Mumbai","orderquantities":72,"stockmaintained":41,"productionvolumes":929,"manufacturingleadtime":24,"manufacturingcosts":87.21,"inspectionresults":"Fail","defectrates":2.85}
,{"id":62,"sku":"SKU61","suppliername":"Supplier 4","location":"Kolkata","orderquantities":36,"stockmaintained":32,"productionvolumes":480,"manufacturingleadtime":12,"manufacturingcosts":78.7,"inspectionresults":"Fail","defectrates":4.37}
,{"id":63,"sku":"SKU62","suppliername":"Supplier 2","location":"Mumbai","orderquantities":40,"stockmaintained":86,"productionvolumes":751,"manufacturingleadtime":14,"manufacturingcosts":21.05,"inspectionresults":"Pass","defectrates":1.87}
,{"id":64,"sku":"SKU63","suppliername":"Supplier 3","location":"Bangalore","orderquantities":10,"stockmaintained":54,"productionvolumes":736,"manufacturingleadtime":10,"manufacturingcosts":20.08,"inspectionresults":"Pending","defectrates":3.63}
,{"id":65,"sku":"SKU64","suppliername":"Supplier 1","location":"Delhi","orderquantities":75,"stockmaintained":73,"productionvolumes":328,"manufacturingleadtime":6,"manufacturingcosts":8.69,"inspectionresults":"Fail","defectrates":0.16}
,{"id":66,"sku":"SKU65","suppliername":"Supplier 5","location":"Kolkata","orderquantities":54,"stockmaintained":21,"productionvolumes":358,"manufacturingleadtime":1,"manufacturingcosts":1.6,"inspectionresults":"Fail","defectrates":4.91}
,{"id":67,"sku":"SKU66","suppliername":"Supplier 5","location":"Kolkata","orderquantities":19,"stockmaintained":28,"productionvolumes":867,"manufacturingleadtime":42,"manufacturingcosts":42.08,"inspectionresults":"Fail","defectrates":3.45}
,{"id":68,"sku":"SKU67","suppliername":"Supplier 1","location":"Mumbai","orderquantities":71,"stockmaintained":11,"productionvolumes":198,"manufacturingleadtime":7,"manufacturingcosts":7.06,"inspectionresults":"Pass","defectrates":0.13}
,{"id":69,"sku":"SKU68","suppliername":"Supplier 2","location":"Bangalore","orderquantities":58,"stockmaintained":18,"productionvolumes":375,"manufacturingleadtime":97,"manufacturingcosts":97.11,"inspectionresults":"Fail","defectrates":1.98}
,{"id":70,"sku":"SKU69","suppliername":"Supplier 4","location":"Kolkata","orderquantities":27,"stockmaintained":7,"productionvolumes":862,"manufacturingleadtime":77,"manufacturingcosts":77.63,"inspectionresults":"Pending","defectrates":1.36}
,{"id":71,"sku":"SKU70","suppliername":"Supplier 1","location":"Bangalore","orderquantities":22,"stockmaintained":16,"productionvolumes":775,"manufacturingleadtime":11,"manufacturingcosts":11.44,"inspectionresults":"Pass","defectrates":1.83}
,{"id":72,"sku":"SKU71","suppliername":"Supplier 2","location":"Bangalore","orderquantities":26,"stockmaintained":10,"productionvolumes":258,"manufacturingleadtime":30,"manufacturingcosts":30.66,"inspectionresults":"Pending","defectrates":2.08}
,{"id":73,"sku":"SKU72","suppliername":"Supplier 1","location":"Bangalore","orderquantities":77,"stockmaintained":11,"productionvolumes":152,"manufacturingleadtime":55,"manufacturingcosts":55.76,"inspectionresults":"Pending","defectrates":3.21}
,{"id":74,"sku":"SKU73","suppliername":"Supplier 4","location":"Chennai","orderquantities":66,"stockmaintained":4,"productionvolumes":444,"manufacturingleadtime":46,"manufacturingcosts":46.87,"inspectionresults":"Fail","defectrates":4.62}
,{"id":75,"sku":"SKU74","suppliername":"Supplier 4","location":"Delhi","orderquantities":1,"stockmaintained":9,"productionvolumes":919,"manufacturingleadtime":80,"manufacturingcosts":80.58,"inspectionresults":"Fail","defectrates":0.4}
,{"id":76,"sku":"SKU75","suppliername":"Supplier 1","location":"Chennai","orderquantities":56,"stockmaintained":11,"productionvolumes":759,"manufacturingleadtime":48,"manufacturingcosts":48.06,"inspectionresults":"Pass","defectrates":2.03}
,{"id":77,"sku":"SKU76","suppliername":"Supplier 2","location":"Bangalore","orderquantities":22,"stockmaintained":24,"productionvolumes":985,"manufacturingleadtime":64,"manufacturingcosts":64.32,"inspectionresults":"Pending","defectrates":2.18}
,{"id":78,"sku":"SKU77","suppliername":"Supplier 1","location":"Kolkata","orderquantities":57,"stockmaintained":5,"productionvolumes":334,"manufacturingleadtime":42,"manufacturingcosts":42.95,"inspectionresults":"Pass","defectrates":3.06}
,{"id":79,"sku":"SKU78","suppliername":"Supplier 5","location":"Mumbai","orderquantities":51,"stockmaintained":21,"productionvolumes":858,"manufacturingleadtime":71,"manufacturingcosts":71.13,"inspectionresults":"Pending","defectrates":4.1}
,{"id":80,"sku":"SKU79","suppliername":"Supplier 3","location":"Bangalore","orderquantities":20,"stockmaintained":12,"productionvolumes":228,"manufacturingleadtime":57,"manufacturingcosts":57.87,"inspectionresults":"Pending","defectrates":0.17}
,{"id":81,"sku":"SKU80","suppliername":"Supplier 3","location":"Chennai","orderquantities":41,"stockmaintained":5,"productionvolumes":202,"manufacturingleadtime":76,"manufacturingcosts":76.96,"inspectionresults":"Fail","defectrates":2.85}
,{"id":82,"sku":"SKU81","suppliername":"Supplier 3","location":"Delhi","orderquantities":8,"stockmaintained":1,"productionvolumes":698,"manufacturingleadtime":19,"manufacturingcosts":19.79,"inspectionresults":"Pending","defectrates":2.55}
,{"id":83,"sku":"SKU82","suppliername":"Supplier 2","location":"Mumbai","orderquantities":72,"stockmaintained":26,"productionvolumes":955,"manufacturingleadtime":4,"manufacturingcosts":4.47,"inspectionresults":"Pending","defectrates":4.14}
,{"id":84,"sku":"SKU83","suppliername":"Supplier 1","location":"Bangalore","orderquantities":7,"stockmaintained":5,"productionvolumes":443,"manufacturingleadtime":97,"manufacturingcosts":97.73,"inspectionresults":"Fail","defectrates":0.77}
,{"id":85,"sku":"SKU84","suppliername":"Supplier 5","location":"Chennai","orderquantities":80,"stockmaintained":22,"productionvolumes":589,"manufacturingleadtime":33,"manufacturingcosts":33.81,"inspectionresults":"Pass","defectrates":4.84}
,{"id":86,"sku":"SKU85","suppliername":"Supplier 5","location":"Chennai","orderquantities":66,"stockmaintained":2,"productionvolumes":211,"manufacturingleadtime":69,"manufacturingcosts":69.93,"inspectionresults":"Fail","defectrates":1.37}
,{"id":87,"sku":"SKU86","suppliername":"Supplier 1","location":"Mumbai","orderquantities":22,"stockmaintained":18,"productionvolumes":569,"manufacturingleadtime":74,"manufacturingcosts":74.61,"inspectionresults":"Pass","defectrates":2.05}
,{"id":88,"sku":"SKU87","suppliername":"Supplier 3","location":"Chennai","orderquantities":55,"stockmaintained":17,"productionvolumes":523,"manufacturingleadtime":28,"manufacturingcosts":28.7,"inspectionresults":"Fail","defectrates":3.69}
,{"id":89,"sku":"SKU88","suppliername":"Supplier 2","location":"Mumbai","orderquantities":85,"stockmaintained":11,"productionvolumes":953,"manufacturingleadtime":68,"manufacturingcosts":68.18,"inspectionresults":"Pending","defectrates":0.72}
,{"id":90,"sku":"SKU89","suppliername":"Supplier 1","location":"Kolkata","orderquantities":27,"stockmaintained":11,"productionvolumes":370,"manufacturingleadtime":46,"manufacturingcosts":46.6,"inspectionresults":"Pending","defectrates":1.91}
,{"id":91,"sku":"SKU90","suppliername":"Supplier 3","location":"Bangalore","orderquantities":96,"stockmaintained":8,"productionvolumes":585,"manufacturingleadtime":85,"manufacturingcosts":85.68,"inspectionresults":"Pass","defectrates":1.22}
,{"id":92,"sku":"SKU91","suppliername":"Supplier 4","location":"Delhi","orderquantities":85,"stockmaintained":28,"productionvolumes":207,"manufacturingleadtime":39,"manufacturingcosts":39.77,"inspectionresults":"Pending","defectrates":0.63}
,{"id":93,"sku":"SKU92","suppliername":"Supplier 2","location":"Mumbai","orderquantities":10,"stockmaintained":29,"productionvolumes":671,"manufacturingleadtime":62,"manufacturingcosts":62.61,"inspectionresults":"Pass","defectrates":0.33}
,{"id":94,"sku":"SKU93","suppliername":"Supplier 4","location":"Chennai","orderquantities":66,"stockmaintained":20,"productionvolumes":824,"manufacturingleadtime":35,"manufacturingcosts":35.63,"inspectionresults":"Fail","defectrates":4.17}
,{"id":95,"sku":"SKU94","suppliername":"Supplier 2","location":"Delhi","orderquantities":72,"stockmaintained":14,"productionvolumes":908,"manufacturingleadtime":60,"manufacturingcosts":60.39,"inspectionresults":"Pass","defectrates":1.46}
,{"id":96,"sku":"SKU95","suppliername":"Supplier 4","location":"Mumbai","orderquantities":26,"stockmaintained":26,"productionvolumes":450,"manufacturingleadtime":58,"manufacturingcosts":58.89,"inspectionresults":"Pending","defectrates":1.21}
,{"id":97,"sku":"SKU96","suppliername":"Supplier 3","location":"Mumbai","orderquantities":32,"stockmaintained":28,"productionvolumes":648,"manufacturingleadtime":17,"manufacturingcosts":17.8,"inspectionresults":"Pending","defectrates":3.87}
,{"id":98,"sku":"SKU97","suppliername":"Supplier 4","location":"Mumbai","orderquantities":4,"stockmaintained":13,"productionvolumes":535,"manufacturingleadtime":65,"manufacturingcosts":65.77,"inspectionresults":"Fail","defectrates":3.38}
,{"id":99,"sku":"SKU98","suppliername":"Supplier 5","location":"Chennai","orderquantities":27,"stockmaintained":9,"productionvolumes":581,"manufacturingleadtime":5,"manufacturingcosts":5.6,"inspectionresults":"Pending","defectrates":2.91}
,{"id":100,"sku":"SKU99","suppliername":"Supplier 2","location":"Chennai","orderquantities":59,"stockmaintained":2,"productionvolumes":921,"manufacturingleadtime":38,"manufacturingcosts":38.07,"inspectionresults":"Fail","defectrates":0.35}
]}]}