{"results":[{"columns":[{"name":"ID","type":"NUMBER"},{"name":"SKU","type":"VARCHAR2"},{"name":"PRICE","type":"NUMBER"},{"name":"AVAILABILITY","type":"NUMBER"},{"name":"PRODUCTID","type":"NUMBER"}],"items":
[
{"id":1,"sku":"SKU0","price":69.81,"availability":55,"productid":2}
,{"id":2,"sku":"SKU1","price":14.84,"availability":95,"productid":3}
,{"id":3,"sku":"SKU2","price":11.32,"availability":34,"productid":2}
,{"id":4,"sku":"SKU3","price":61.16,"availability":68,"productid":3}
,{"id":5,"sku":"SKU4","price":4.81,"availability":26,"productid":3}
,{"id":6,"sku":"SKU5","price":1.7,"availability":87,"productid":2}
,{"id":7,"sku":"SKU6","price":4.08,"availability":48,"productid":3}
,{"id":8,"sku":"SKU7","price":42.96,"availability":59,"productid":1}
,{"id":9,"sku":"SKU8","price":68.72,"availability":78,"productid":1}
,{"id":10,"sku":"SKU9","price":64.02,"availability":35,"productid":3}
,{"id":11,"sku":"SKU10","price":15.71,"availability":11,"productid":3}
,{"id":12,"sku":"SKU11","price":90.64,"availability":95,"productid":3}
,{"id":13,"sku":"SKU12","price":71.21,"availability":41,"productid":2}
,{"id":14,"sku":"SKU13","price":16.16,"availability":5,"productid":3}
,{"id":15,"sku":"SKU14","price":99.17,"availability":26,"productid":3}
,{"id":16,"sku":"SKU15","price":36.99,"availability":94,"productid":3}
,{"id":17,"sku":"SKU16","price":7.55,"availability":74,"productid":3}
,{"id":18,"sku":"SKU17","price":81.46,"availability":82,"productid":1}
,{"id":19,"sku":"SKU18","price":36.44,"availability":23,"productid":2}
,{"id":20,"sku":"SKU19","price":51.12,"availability":100,"productid":3}
,{"id":21,"sku":"SKU20","price":96.34,"availability":22,"productid":3}
,{"id":22,"sku":"SKU21","price":84.89,"availability":60,"productid":1}
,{"id":23,"sku":"SKU22","price":27.68,"availability":55,"productid":2}
,{"id":24,"sku":"SKU23","price":4.32,"availability":30,"productid":1}
,{"id":25,"sku":"SKU24","price":4.16,"availability":32,"productid":2}
,{"id":26,"sku":"SKU25","price":39.63,"availability":73,"productid":2}
,{"id":27,"sku":"SKU26","price":97.45,"availability":9,"productid":2}
,{"id":28,"sku":"SKU27","price":92.56,"availability":42,"productid":1}
,{"id":29,"sku":"SKU28","price":2.4,"availability":12,"productid":1}
,{"id":30,"sku":"SKU29","price":63.45,"availability":3,"productid":1}
,{"id":31,"sku":"SKU30","price":8.02,"availability":10,"productid":2}
,{"id":32,"sku":"SKU31","price":50.85,"availability":28,"productid":3}
,{"id":33,"sku":"SKU32","price":79.21,"availability":43,"productid":3}
,{"id":34,"sku":"SKU33","price":64.8,"availability":63,"productid":1}
,{"id":35,"sku":"SKU34","price":37.47,"availability":96,"productid":3}
,{"id":36,"sku":"SKU35","price":84.96,"availability":11,"productid":1}
,{"id":37,"sku":"SKU36","price":9.81,"availability":34,"productid":3}
,{"id":38,"sku":"SKU37","price":23.4,"availability":5,"productid":3}
,{"id":39,"sku":"SKU38","price":52.08,"availability":75,"productid":1}
,{"id":40,"sku":"SKU39","price":19.13,"availability":26,"productid":3}
,{"id":41,"sku":"SKU40","price":80.54,"availability":97,"productid":3}
,{"id":42,"sku":"SKU41","price":99.11,"availability":35,"productid":3}
,{"id":43,"sku":"SKU42","price":46.53,"availability":98,"productid":3}
,{"id":44,"sku":"SKU43","price":11.74,"availability":6,"productid":2}
,{"id":45,"sku":"SKU44","price":51.36,"availability":34,"productid":1}
,{"id":46,"sku":"SKU45","price":33.78,"availability":1,"productid":2}
,{"id":47,"sku":"SKU46","price":27.08,"availability":75,"productid":2}
,{"id":48,"sku":"SKU47","price":95.71,"availability":93,"productid":3}
,{"id":49,"sku":"SKU48","price":76.04,"availability":28,"productid":2}
,{"id":50,"sku":"SKU49","price":78.9,"availability":19,"productid":1}
,{"id":51,"sku":"SKU50","price":14.2,"availability":91,"productid":1}
,{"id":52,"sku":"SKU51","price":26.7,"availability":61,"productid":2}
,{"id":53,"sku":"SKU52","price":98.03,"availability":1,"productid":3}
,{"id":54,"sku":"SKU53","price":30.34,"availability":93,"productid":2}
,{"id":55,"sku":"SKU54","price":31.15,"availability":11,"productid":2}
,{"id":56,"sku":"SKU55","price":79.86,"availability":16,"productid":3}
,{"id":57,"sku":"SKU56","price":20.99,"availability":90,"productid":2}
,{"id":58,"sku":"SKU57","price":49.26,"availability":65,"productid":3}
,{"id":59,"sku":"SKU58","price":59.84,"availability":81,"productid":1}
,{"id":60,"sku":"SKU59","price":63.83,"availability":30,"productid":3}
,{"id":61,"sku":"SKU60","price":17.03,"availability":16,"productid":3}
,{"id":62,"sku":"SKU61","price":52.03,"availability":23,"productid":2}
,{"id":63,"sku":"SKU62","price":72.8,"availability":89,"productid":1}
,{"id":64,"sku":"SKU63","price":13.02,"availability":55,"productid":3}
,{"id":65,"sku":"SKU64","price":89.63,"availability":11,"productid":3}
,{"id":66,"sku":"SKU65","price":33.7,"availability":72,"productid":3}
,{"id":67,"sku":"SKU66","price":26.03,"availability":52,"productid":3}
,{"id":68,"sku":"SKU67","price":87.76,"availability":16,"productid":3}
,{"id":69,"sku":"SKU68","price":37.93,"availability":29,"productid":2}
,{"id":70,"sku":"SKU69","price":54.87,"availability":62,"productid":3}
,{"id":71,"sku":"SKU70","price":47.91,"availability":90,"productid":2}
,{"id":72,"sku":"SKU71","price":6.38,"availability":14,"productid":1}
,{"id":73,"sku":"SKU72","price":90.2,"availability":88,"productid":1}
,{"id":74,"sku":"SKU73","price":83.85,"availability":41,"productid":1}
,{"id":75,"sku":"SKU74","price":3.17,"availability":64,"productid":2}
,{"id":76,"sku":"SKU75","price":93,"availability":29,"productid":3}
,{"id":77,"sku":"SKU76","price":69.11,"availability":23,"productid":2}
,{"id":78,"sku":"SKU77","price":57.45,"availability":14,"productid":2}
,{"id":79,"sku":"SKU78","price":6.31,"availability":50,"productid":2}
,{"id":80,"sku":"SKU79","price":57.06,"availability":56,"productid":2}
,{"id":81,"sku":"SKU80","price":91.13,"availability":75,"productid":3}
,{"id":82,"sku":"SKU81","price":72.82,"availability":9,"productid":2}
,{"id":83,"sku":"SKU82","price":17.03,"availability":13,"productid":3}
,{"id":84,"sku":"SKU83","price":68.91,"availability":82,"productid":2}
,{"id":85,"sku":"SKU84","price":89.1,"availability":99,"productid":2}
,{"id":86,"sku":"SKU85","price":76.96,"availability":83,"productid":1}
,{"id":87,"sku":"SKU86","price":20,"availability":18,"productid":3}
,{"id":88,"sku":"SKU87","price":80.41,"availability":24,"productid":2}
,{"id":89,"sku":"SKU88","price":75.27,"availability":58,"productid":1}
,{"id":90,"sku":"SKU89","price":97.76,"availability":10,"productid":1}
,{"id":91,"sku":"SKU90","price":13.88,"availability":56,"productid":3}
,{"id":92,"sku":"SKU91","price":62.11,"availability":90,"productid":1}
,{"id":93,"sku":"SKU92","price":47.71,"availability":44,"productid":1}
,{"id":94,"sku":"SKU93","price":69.29,"availability":88,"productid":2}
,{"id":95,"sku":"SKU94","price":3.04,"availability":97,"productid":1}
,{"id":96,"sku":"SKU95","price":77.9,"availability":65,"productid":2}
,{"id":97,"sku":"SKU96","price":24.42,"availability":29,"productid":1}
,{"id":98,"sku":"SKU97","price":3.53,"availability":56,"productid":2}
,{"id":99,"sku":"SKU98","price":19.75,"availability":43,"productid":3}
,{"id":100,"sku":"SKU99","price":68.52,"availability":17,"productid":2}
]}]}